{
  "project_info": {
    "project_number": "681327910088",
    "project_id": "projeto-financeiro-a4110",
    "storage_bucket": "projeto-financeiro-a4110.firebasestorage.app"
  },
  "client": [
    {
      "client_info": {
        "mobilesdk_app_id": "1:681327910088:android:0fe94ad108ca44f6db19fd",
        "android_client_info": {
          "package_name": "com.mycompany.projetofinanceiro"
        }
      },
      "oauth_client": [],
      "api_key": [
        {
          "current_key": "AIzaSyAAKJbPuYfKx8Hvu403P-0QVZ4sg1FHwXc"
        }
      ],
      "services": {
        "appinvite_service": {
          "other_platform_oauth_client": []
        }
      }
    }
  ],
  "configuration_version": "1"
}